z,N1,N3,N5,N7,N9,N11,N13,N15,N17,N19,N21
0,2.2893,1.8399,1.8404,1.8366,1.8341,1.8326,1.8317,1.8313,1.831,1.8309,1.8309
0.0015625,2.2877,1.839,1.8396,1.8358,1.8334,1.8319,1.8311,1.8307,1.8305,1.8304,1.8303
0.003125,2.2861,1.838,1.8388,1.8351,1.8326,1.8312,1.8305,1.8301,1.8299,1.8298,1.8298
0.0046875,2.2846,1.8371,1.8379,1.8343,1.8319,1.8306,1.8298,1.8295,1.8293,1.8292,1.8293
0.00625,2.283,1.8361,1.8371,1.8336,1.8312,1.8299,1.8292,1.8288,1.8287,1.8287,1.8287
0.0078125,2.2814,1.8352,1.8363,1.8328,1.8305,1.8292,1.8286,1.8282,1.8281,1.8281,1.8281
0.009375,2.2799,1.8342,1.8355,1.832,1.8298,1.8286,1.8279,1.8276,1.8275,1.8275,1.8276
0.010937,2.2783,1.8332,1.8346,1.8313,1.8291,1.8279,1.8272,1.827,1.8269,1.8269,1.827
0.0125,2.2767,1.8323,1.8338,1.8305,1.8284,1.8272,1.8266,1.8263,1.8263,1.8263,1.8264
0.014063,2.2752,1.8313,1.8329,1.8297,1.8276,1.8265,1.8259,1.8257,1.8257,1.8257,1.8258
0.015625,2.2736,1.8303,1.8321,1.829,1.8269,1.8258,1.8253,1.8251,1.825,1.8251,1.8252
0.017188,2.272,1.8294,1.8313,1.8282,1.8262,1.8251,1.8246,1.8244,1.8244,1.8245,1.8246
0.01875,2.2704,1.8284,1.8304,1.8274,1.8255,1.8244,1.8239,1.8238,1.8238,1.8239,1.824
0.020313,2.2689,1.8274,1.8296,1.8266,1.8247,1.8237,1.8232,1.8231,1.8231,1.8233,1.8234
0.021875,2.2673,1.8264,1.8287,1.8259,1.824,1.823,1.8226,1.8224,1.8225,1.8226,1.8228
0.023438,2.2657,1.8255,1.8279,1.8251,1.8232,1.8223,1.8219,1.8218,1.8218,1.822,1.8222
0.025,2.2641,1.8245,1.827,1.8243,1.8225,1.8216,1.8212,1.8211,1.8212,1.8214,1.8216
0.026562,2.2625,1.8235,1.8262,1.8235,1.8218,1.8209,1.8205,1.8204,1.8205,1.8207,1.8209
0.028125,2.261,1.8225,1.8253,1.8227,1.821,1.8201,1.8198,1.8198,1.8199,1.8201,1.8203
0.029687,2.2594,1.8216,1.8245,1.8219,1.8203,1.8194,1.8191,1.8191,1.8192,1.8194,1.8196
0.03125,2.2578,1.8206,1.8236,1.8211,1.8195,1.8187,1.8184,1.8184,1.8185,1.8187,1.819
0.032813,2.2562,1.8196,1.8227,1.8203,1.8187,1.818,1.8177,1.8177,1.8178,1.8181,1.8183
0.034375,2.2546,1.8186,1.8219,1.8195,1.818,1.8172,1.817,1.817,1.8172,1.8174,1.8177
0.035937,2.253,1.8176,1.821,1.8187,1.8172,1.8165,1.8163,1.8163,1.8165,1.8167,1.817
0.0375,2.2515,1.8166,1.8201,1.8179,1.8165,1.8158,1.8156,1.8156,1.8158,1.816,1.8163
0.039062,2.2499,1.8157,1.8193,1.8171,1.8157,1.815,1.8148,1.8149,1.8151,1.8154,1.8156
0.040625,2.2483,1.8147,1.8184,1.8163,1.8149,1.8143,1.8141,1.8142,1.8144,1.8147,1.815
0.042188,2.2467,1.8137,1.8175,1.8155,1.8142,1.8135,1.8134,1.8135,1.8137,1.814,1.8143
0.04375,2.2451,1.8127,1.8167,1.8147,1.8134,1.8128,1.8126,1.8127,1.813,1.8133,1.8136
0.045312,2.2435,1.8117,1.8158,1.8139,1.8126,1.812,1.8119,1.812,1.8123,1.8126,1.8129
0.046875,2.2419,1.8107,1.8149,1.8131,1.8118,1.8113,1.8112,1.8113,1.8116,1.8119,1.8122
0.048438,2.2403,1.8097,1.814,1.8122,1.811,1.8105,1.8104,1.8106,1.8108,1.8111,1.8115
0.05,2.2387,1.8087,1.8132,1.8114,1.8103,1.8098,1.8097,1.8098,1.8101,1.8104,1.8108
0.051562,2.2371,1.8077,1.8123,1.8106,1.8095,1.809,1.8089,1.8091,1.8094,1.8097,1.81
0.053125,2.2355,1.8067,1.8114,1.8098,1.8087,1.8082,1.8082,1.8084,1.8086,1.809,1.8093
0.054688,2.2339,1.8057,1.8105,1.809,1.8079,1.8075,1.8074,1.8076,1.8079,1.8082,1.8086
0.05625,2.2323,1.8047,1.8097,1.8081,1.8071,1.8067,1.8067,1.8069,1.8072,1.8075,1.8079
0.057813,2.2307,1.8037,1.8088,1.8073,1.8063,1.8059,1.8059,1.8061,1.8064,1.8068,1.8071
0.059375,2.2291,1.8027,1.8079,1.8065,1.8055,1.8051,1.8051,1.8054,1.8057,1.806,1.8064
0.060937,2.2275,1.8017,1.807,1.8056,1.8047,1.8044,1.8044,1.8046,1.8049,1.8053,1.8056
0.0625,2.2259,1.8007,1.8061,1.8048,1.8039,1.8036,1.8036,1.8038,1.8042,1.8045,1.8049
0.064062,2.2243,1.7997,1.8052,1.804,1.8031,1.8028,1.8028,1.8031,1.8034,1.8038,1.8041
0.065625,2.2227,1.7987,1.8043,1.8031,1.8023,1.802,1.8021,1.8023,1.8026,1.803,1.8034
0.067187,2.2211,1.7977,1.8034,1.8023,1.8015,1.8012,1.8013,1.8015,1.8019,1.8022,1.8026
0.06875,2.2195,1.7967,1.8025,1.8015,1.8007,1.8004,1.8005,1.8008,1.8011,1.8015,1.8019
0.070312,2.2179,1.7957,1.8017,1.8006,1.7999,1.7996,1.7997,1.8,1.8003,1.8007,1.8011
0.071875,2.2163,1.7947,1.8008,1.7998,1.799,1.7988,1.7989,1.7992,1.7996,1.7999,1.8003
0.073438,2.2147,1.7937,1.7999,1.7989,1.7982,1.798,1.7981,1.7984,1.7988,1.7992,1.7995
0.075,2.2131,1.7927,1.799,1.7981,1.7974,1.7972,1.7973,1.7976,1.798,1.7984,1.7987
0.076563,2.2115,1.7917,1.7981,1.7972,1.7966,1.7964,1.7965,1.7968,1.7972,1.7976,1.798
0.078125,2.2099,1.7907,1.7972,1.7964,1.7958,1.7956,1.7957,1.796,1.7964,1.7968,1.7972
0.079687,2.2083,1.7897,1.7963,1.7955,1.7949,1.7948,1.7949,1.7952,1.7956,1.796,1.7964
0.08125,2.2067,1.7887,1.7954,1.7947,1.7941,1.794,1.7941,1.7945,1.7948,1.7952,1.7956
0.082812,2.2051,1.7876,1.7945,1.7938,1.7933,1.7932,1.7933,1.7936,1.794,1.7944,1.7948
0.084375,2.2035,1.7866,1.7936,1.793,1.7925,1.7924,1.7925,1.7928,1.7932,1.7936,1.794
0.085938,2.2019,1.7856,1.7927,1.7921,1.7916,1.7915,1.7917,1.792,1.7924,1.7928,1.7932
0.0875,2.2003,1.7846,1.7918,1.7913,1.7908,1.7907,1.7909,1.7912,1.7916,1.792,1.7924
0.089063,2.1987,1.7836,1.7908,1.7904,1.79,1.7899,1.7901,1.7904,1.7908,1.7912,1.7915
0.090625,2.1971,1.7826,1.7899,1.7896,1.7891,1.7891,1.7893,1.7896,1.79,1.7904,1.7907
0.092188,2.1955,1.7816,1.789,1.7887,1.7883,1.7883,1.7885,1.7888,1.7892,1.7895,1.7899
0.09375,2.1939,1.7805,1.7881,1.7878,1.7875,1.7874,1.7876,1.788,1.7883,1.7887,1.7891
0.095312,2.1922,1.7795,1.7872,1.787,1.7866,1.7866,1.7868,1.7871,1.7875,1.7879,1.7883
0.096875,2.1906,1.7785,1.7863,1.7861,1.7858,1.7858,1.786,1.7863,1.7867,1.7871,1.7874
0.098437,2.189,1.7775,1.7854,1.7852,1.7849,1.7849,1.7852,1.7855,1.7859,1.7862,1.7866
0.1,2.1874,1.7765,1.7845,1.7844,1.7841,1.7841,1.7843,1.7847,1.785,1.7854,1.7858
0.10156,2.1858,1.7755,1.7836,1.7835,1.7832,1.7833,1.7835,1.7838,1.7842,1.7846,1.7849
0.10312,2.1842,1.7744,1.7827,1.7826,1.7824,1.7824,1.7827,1.783,1.7834,1.7837,1.7841
0.10469,2.1826,1.7734,1.7817,1.7818,1.7815,1.7816,1.7818,1.7822,1.7825,1.7829,1.7832
0.10625,2.181,1.7724,1.7808,1.7809,1.7807,1.7807,1.781,1.7813,1.7817,1.7821,1.7824
0.10781,2.1794,1.7714,1.7799,1.78,1.7798,1.7799,1.7801,1.7805,1.7808,1.7812,1.7815
0.10938,2.1778,1.7704,1.779,1.7792,1.779,1.7791,1.7793,1.7796,1.78,1.7804,1.7807
0.11094,2.1762,1.7693,1.7781,1.7783,1.7781,1.7782,1.7785,1.7788,1.7792,1.7795,1.7798
0.1125,2.1746,1.7683,1.7772,1.7774,1.7773,1.7774,1.7776,1.778,1.7783,1.7787,1.779
0.11406,2.173,1.7673,1.7763,1.7765,1.7764,1.7765,1.7768,1.7771,1.7775,1.7778,1.7781
0.11563,2.1714,1.7663,1.7753,1.7757,1.7756,1.7757,1.7759,1.7763,1.7766,1.7769,1.7773
0.11719,2.1698,1.7653,1.7744,1.7748,1.7747,1.7748,1.7751,1.7754,1.7758,1.7761,1.7764
0.11875,2.1682,1.7642,1.7735,1.7739,1.7738,1.774,1.7742,1.7746,1.7749,1.7752,1.7755
0.12031,2.1666,1.7632,1.7726,1.773,1.773,1.7731,1.7734,1.7737,1.774,1.7744,1.7747
0.12187,2.165,1.7622,1.7717,1.7721,1.7721,1.7723,1.7725,1.7728,1.7732,1.7735,1.7738
0.12344,2.1634,1.7612,1.7707,1.7713,1.7713,1.7714,1.7717,1.772,1.7723,1.7726,1.7729
0.125,2.1618,1.7602,1.7698,1.7704,1.7704,1.7705,1.7708,1.7711,1.7715,1.7718,1.7721
0.12656,2.1602,1.7591,1.7689,1.7695,1.7695,1.7697,1.7699,1.7703,1.7706,1.7709,1.7712
0.12812,2.1586,1.7581,1.768,1.7686,1.7687,1.7688,1.7691,1.7694,1.7697,1.77,1.7703
0.12969,2.157,1.7571,1.7671,1.7677,1.7678,1.768,1.7682,1.7685,1.7689,1.7692,1.7694
0.13125,2.1554,1.7561,1.7661,1.7669,1.7669,1.7671,1.7674,1.7677,1.768,1.7683,1.7685
0.13281,2.1538,1.7551,1.7652,1.766,1.7661,1.7662,1.7665,1.7668,1.7671,1.7674,1.7677
0.13437,2.1522,1.754,1.7643,1.7651,1.7652,1.7654,1.7656,1.7659,1.7662,1.7665,1.7668
0.13594,2.1506,1.753,1.7634,1.7642,1.7643,1.7645,1.7648,1.7651,1.7654,1.7656,1.7659
0.1375,2.149,1.752,1.7624,1.7633,1.7635,1.7636,1.7639,1.7642,1.7645,1.7648,1.765
0.13906,2.1474,1.751,1.7615,1.7624,1.7626,1.7628,1.763,1.7633,1.7636,1.7639,1.7641
0.14062,2.1458,1.75,1.7606,1.7616,1.7617,1.7619,1.7622,1.7625,1.7627,1.763,1.7632
0.14219,2.1442,1.7489,1.7597,1.7607,1.7609,1.761,1.7613,1.7616,1.7619,1.7621,1.7623
0.14375,2.1426,1.7479,1.7588,1.7598,1.76,1.7602,1.7604,1.7607,1.761,1.7612,1.7615
0.14531,2.141,1.7469,1.7578,1.7589,1.7591,1.7593,1.7596,1.7598,1.7601,1.7603,1.7606
0.14688,2.1394,1.7459,1.7569,1.758,1.7582,1.7584,1.7587,1.759,1.7592,1.7595,1.7597
0.14844,2.1379,1.7449,1.756,1.7571,1.7574,1.7576,1.7578,1.7581,1.7583,1.7586,1.7588
0.15,2.1363,1.7438,1.7551,1.7562,1.7565,1.7567,1.7569,1.7572,1.7575,1.7577,1.7579
0.15156,2.1347,1.7428,1.7541,1.7553,1.7556,1.7558,1.7561,1.7563,1.7566,1.7568,1.757
0.15313,2.1331,1.7418,1.7532,1.7545,1.7547,1.755,1.7552,1.7554,1.7557,1.7559,1.7561
0.15469,2.1315,1.7408,1.7523,1.7536,1.7539,1.7541,1.7543,1.7546,1.7548,1.755,1.7552
0.15625,2.1299,1.7398,1.7514,1.7527,1.753,1.7532,1.7534,1.7537,1.7539,1.7541,1.7543
0.15781,2.1284,1.7387,1.7505,1.7518,1.7521,1.7523,1.7526,1.7528,1.753,1.7532,1.7534
0.15937,2.1268,1.7377,1.7495,1.7509,1.7512,1.7515,1.7517,1.7519,1.7521,1.7523,1.7525
0.16094,2.1252,1.7367,1.7486,1.75,1.7504,1.7506,1.7508,1.751,1.7512,1.7514,1.7516
0.1625,2.1236,1.7357,1.7477,1.7491,1.7495,1.7497,1.7499,1.7502,1.7504,1.7505,1.7507
0.16406,2.122,1.7347,1.7468,1.7482,1.7486,1.7488,1.7491,1.7493,1.7495,1.7496,1.7498
0.16562,2.1205,1.7337,1.7458,1.7474,1.7477,1.748,1.7482,1.7484,1.7486,1.7487,1.7489
0.16719,2.1189,1.7327,1.7449,1.7465,1.7469,1.7471,1.7473,1.7475,1.7477,1.7478,1.748
0.16875,2.1173,1.7316,1.744,1.7456,1.746,1.7462,1.7464,1.7466,1.7468,1.7469,1.7471
0.17031,2.1158,1.7306,1.7431,1.7447,1.7451,1.7453,1.7456,1.7457,1.7459,1.746,1.7462
0.17188,2.1142,1.7296,1.7422,1.7438,1.7442,1.7445,1.7447,1.7449,1.745,1.7452,1.7453
0.17344,2.1126,1.7286,1.7412,1.7429,1.7434,1.7436,1.7438,1.744,1.7441,1.7443,1.7444
0.175,2.111,1.7276,1.7403,1.742,1.7425,1.7427,1.7429,1.7431,1.7432,1.7434,1.7435
0.17656,2.1095,1.7266,1.7394,1.7412,1.7416,1.7418,1.742,1.7422,1.7423,1.7425,1.7426
0.17813,2.1079,1.7256,1.7385,1.7403,1.7407,1.741,1.7412,1.7413,1.7414,1.7416,1.7416
0.17969,2.1064,1.7246,1.7376,1.7394,1.7399,1.7401,1.7403,1.7404,1.7406,1.7407,1.7407
0.18125,2.1048,1.7236,1.7367,1.7385,1.739,1.7392,1.7394,1.7395,1.7397,1.7398,1.7398
0.18281,2.1032,1.7225,1.7357,1.7376,1.7381,1.7384,1.7385,1.7387,1.7388,1.7389,1.7389
0.18438,2.1017,1.7215,1.7348,1.7367,1.7372,1.7375,1.7376,1.7378,1.7379,1.738,1.738
0.18594,2.1001,1.7205,1.7339,1.7358,1.7364,1.7366,1.7368,1.7369,1.737,1.7371,1.7371
0.1875,2.0986,1.7195,1.733,1.735,1.7355,1.7357,1.7359,1.736,1.7361,1.7362,1.7362
0.18906,2.097,1.7185,1.7321,1.7341,1.7346,1.7349,1.735,1.7351,1.7352,1.7353,1.7353
0.19062,2.0955,1.7175,1.7312,1.7332,1.7337,1.734,1.7341,1.7342,1.7343,1.7344,1.7344
0.19219,2.0939,1.7165,1.7303,1.7323,1.7329,1.7331,1.7333,1.7334,1.7334,1.7335,1.7335
0.19375,2.0924,1.7155,1.7293,1.7314,1.732,1.7322,1.7324,1.7325,1.7325,1.7326,1.7326
0.19531,2.0908,1.7145,1.7284,1.7305,1.7311,1.7314,1.7315,1.7316,1.7316,1.7317,1.7317
0.19687,2.0893,1.7135,1.7275,1.7297,1.7302,1.7305,1.7306,1.7307,1.7308,1.7308,1.7308
0.19844,2.0878,1.7125,1.7266,1.7288,1.7294,1.7296,1.7298,1.7298,1.7299,1.7299,1.7299
0.2,2.0862,1.7115,1.7257,1.7279,1.7285,1.7288,1.7289,1.7289,1.729,1.729,1.729
0.20156,2.0847,1.7105,1.7248,1.727,1.7276,1.7279,1.728,1.7281,1.7281,1.7281,1.7281
0.20312,2.0832,1.7095,1.7239,1.7261,1.7268,1.727,1.7271,1.7272,1.7272,1.7272,1.7272
0.20469,2.0816,1.7085,1.723,1.7253,1.7259,1.7261,1.7263,1.7263,1.7263,1.7263,1.7263
0.20625,2.0801,1.7075,1.7221,1.7244,1.725,1.7253,1.7254,1.7254,1.7254,1.7254,1.7254
0.20781,2.0786,1.7065,1.7212,1.7235,1.7242,1.7244,1.7245,1.7245,1.7246,1.7245,1.7245
0.20938,2.077,1.7055,1.7203,1.7226,1.7233,1.7235,1.7236,1.7237,1.7237,1.7236,1.7236
0.21094,2.0755,1.7046,1.7194,1.7218,1.7224,1.7227,1.7228,1.7228,1.7228,1.7228,1.7227
0.2125,2.074,1.7036,1.7184,1.7209,1.7216,1.7218,1.7219,1.7219,1.7219,1.7219,1.7218
0.21406,2.0725,1.7026,1.7175,1.72,1.7207,1.7209,1.721,1.721,1.721,1.721,1.7209
0.21563,2.071,1.7016,1.7166,1.7192,1.7198,1.7201,1.7202,1.7202,1.7201,1.7201,1.72
0.21719,2.0695,1.7006,1.7157,1.7183,1.719,1.7192,1.7193,1.7193,1.7193,1.7192,1.7191
0.21875,2.0679,1.6996,1.7148,1.7174,1.7181,1.7184,1.7184,1.7184,1.7184,1.7183,1.7182
0.22031,2.0664,1.6986,1.714,1.7165,1.7173,1.7175,1.7176,1.7176,1.7175,1.7174,1.7174
0.22187,2.0649,1.6977,1.7131,1.7157,1.7164,1.7166,1.7167,1.7167,1.7166,1.7165,1.7165
0.22344,2.0634,1.6967,1.7122,1.7148,1.7155,1.7158,1.7158,1.7158,1.7157,1.7157,1.7156
0.225,2.0619,1.6957,1.7113,1.7139,1.7147,1.7149,1.715,1.7149,1.7149,1.7148,1.7147
0.22656,2.0604,1.6947,1.7104,1.7131,1.7138,1.7141,1.7141,1.7141,1.714,1.7139,1.7138
0.22812,2.0589,1.6937,1.7095,1.7122,1.713,1.7132,1.7133,1.7132,1.7131,1.713,1.7129
0.22969,2.0574,1.6928,1.7086,1.7113,1.7121,1.7124,1.7124,1.7123,1.7123,1.7122,1.712
0.23125,2.0559,1.6918,1.7077,1.7105,1.7113,1.7115,1.7115,1.7115,1.7114,1.7113,1.7112
0.23281,2.0545,1.6908,1.7068,1.7096,1.7104,1.7106,1.7107,1.7106,1.7105,1.7104,1.7103
0.23438,2.053,1.6898,1.7059,1.7088,1.7096,1.7098,1.7098,1.7098,1.7096,1.7095,1.7094
0.23594,2.0515,1.6889,1.705,1.7079,1.7087,1.7089,1.709,1.7089,1.7088,1.7087,1.7085
0.2375,2.05,1.6879,1.7042,1.7071,1.7079,1.7081,1.7081,1.708,1.7079,1.7078,1.7077
0.23906,2.0485,1.6869,1.7033,1.7062,1.707,1.7072,1.7073,1.7072,1.7071,1.7069,1.7068
0.24063,2.0471,1.686,1.7024,1.7053,1.7062,1.7064,1.7064,1.7063,1.7062,1.706,1.7059
0.24219,2.0456,1.685,1.7015,1.7045,1.7053,1.7056,1.7056,1.7055,1.7053,1.7052,1.705
0.24375,2.0441,1.684,1.7006,1.7036,1.7045,1.7047,1.7047,1.7046,1.7045,1.7043,1.7042
0.24531,2.0426,1.6831,1.6997,1.7028,1.7036,1.7039,1.7039,1.7038,1.7036,1.7035,1.7033
0.24688,2.0412,1.6821,1.6989,1.7019,1.7028,1.703,1.703,1.7029,1.7028,1.7026,1.7024
0.24844,2.0397,1.6812,1.698,1.7011,1.702,1.7022,1.7022,1.7021,1.7019,1.7017,1.7016
0.25,2.0383,1.6802,1.6971,1.7002,1.7011,1.7013,1.7013,1.7012,1.7011,1.7009,1.7007
0.25156,2.0368,1.6792,1.6962,1.6994,1.7003,1.7005,1.7005,1.7004,1.7002,1.7,1.6998
0.25312,2.0353,1.6783,1.6954,1.6985,1.6994,1.6997,1.6997,1.6995,1.6994,1.6992,1.699
0.25469,2.0339,1.6773,1.6945,1.6977,1.6986,1.6988,1.6988,1.6987,1.6985,1.6983,1.6981
0.25625,2.0325,1.6764,1.6936,1.6969,1.6978,1.698,1.698,1.6978,1.6977,1.6975,1.6973
0.25781,2.031,1.6754,1.6928,1.696,1.6969,1.6972,1.6971,1.697,1.6968,1.6966,1.6964
0.25938,2.0296,1.6745,1.6919,1.6952,1.6961,1.6963,1.6963,1.6962,1.696,1.6958,1.6956
0.26094,2.0281,1.6735,1.691,1.6943,1.6953,1.6955,1.6955,1.6953,1.6951,1.6949,1.6947
0.2625,2.0267,1.6726,1.6902,1.6935,1.6945,1.6947,1.6947,1.6945,1.6943,1.6941,1.6939
0.26406,2.0253,1.6716,1.6893,1.6927,1.6936,1.6939,1.6938,1.6937,1.6935,1.6932,1.693
0.26562,2.0238,1.6707,1.6885,1.6918,1.6928,1.693,1.693,1.6928,1.6926,1.6924,1.6922
0.26719,2.0224,1.6698,1.6876,1.691,1.692,1.6922,1.6922,1.692,1.6918,1.6916,1.6913
0.26875,2.021,1.6688,1.6867,1.6902,1.6912,1.6914,1.6914,1.6912,1.691,1.6907,1.6905
0.27031,2.0196,1.6679,1.6859,1.6894,1.6903,1.6906,1.6905,1.6903,1.6901,1.6899,1.6897
0.27187,2.0181,1.667,1.685,1.6885,1.6895,1.6898,1.6897,1.6895,1.6893,1.6891,1.6888
0.27344,2.0167,1.666,1.6842,1.6877,1.6887,1.6889,1.6889,1.6887,1.6885,1.6882,1.688
0.275,2.0153,1.6651,1.6833,1.6869,1.6879,1.6881,1.6881,1.6879,1.6876,1.6874,1.6872
0.27656,2.0139,1.6642,1.6825,1.6861,1.6871,1.6873,1.6873,1.6871,1.6868,1.6866,1.6863
0.27813,2.0125,1.6632,1.6816,1.6852,1.6863,1.6865,1.6864,1.6863,1.686,1.6857,1.6855
0.27969,2.0111,1.6623,1.6808,1.6844,1.6855,1.6857,1.6856,1.6854,1.6852,1.6849,1.6847
0.28125,2.0097,1.6614,1.6799,1.6836,1.6846,1.6849,1.6848,1.6846,1.6844,1.6841,1.6839
0.28281,2.0083,1.6605,1.6791,1.6828,1.6838,1.6841,1.684,1.6838,1.6836,1.6833,1.683
0.28437,2.0069,1.6596,1.6783,1.682,1.683,1.6833,1.6832,1.683,1.6827,1.6825,1.6822
0.28594,2.0055,1.6586,1.6774,1.6812,1.6822,1.6825,1.6824,1.6822,1.6819,1.6817,1.6814
0.2875,2.0041,1.6577,1.6766,1.6804,1.6814,1.6817,1.6816,1.6814,1.6811,1.6808,1.6806
0.28906,2.0028,1.6568,1.6757,1.6795,1.6806,1.6809,1.6808,1.6806,1.6803,1.68,1.6798
0.29063,2.0014,1.6559,1.6749,1.6787,1.6798,1.6801,1.68,1.6798,1.6795,1.6792,1.679
0.29219,2,1.655,1.6741,1.6779,1.679,1.6793,1.6792,1.679,1.6787,1.6784,1.6782
0.29375,1.9986,1.6541,1.6732,1.6771,1.6782,1.6785,1.6784,1.6782,1.6779,1.6776,1.6774
0.29531,1.9973,1.6532,1.6724,1.6763,1.6775,1.6777,1.6776,1.6774,1.6771,1.6768,1.6766
0.29688,1.9959,1.6523,1.6716,1.6755,1.6767,1.6769,1.6768,1.6766,1.6763,1.676,1.6758
0.29844,1.9945,1.6514,1.6708,1.6747,1.6759,1.6761,1.6761,1.6758,1.6755,1.6752,1.675
0.3,1.9932,1.6505,1.6699,1.6739,1.6751,1.6754,1.6753,1.675,1.6747,1.6744,1.6742
0.30156,1.9918,1.6496,1.6691,1.6731,1.6743,1.6746,1.6745,1.6743,1.674,1.6737,1.6734
0.30312,1.9905,1.6487,1.6683,1.6723,1.6735,1.6738,1.6737,1.6735,1.6732,1.6729,1.6726
0.30469,1.9891,1.6478,1.6675,1.6716,1.6727,1.673,1.6729,1.6727,1.6724,1.6721,1.6718
0.30625,1.9878,1.6469,1.6667,1.6708,1.672,1.6722,1.6722,1.6719,1.6716,1.6713,1.671
0.30781,1.9865,1.646,1.6659,1.67,1.6712,1.6715,1.6714,1.6711,1.6708,1.6705,1.6702
0.30938,1.9851,1.6451,1.665,1.6692,1.6704,1.6707,1.6706,1.6704,1.6701,1.6697,1.6694
0.31094,1.9838,1.6442,1.6642,1.6684,1.6696,1.6699,1.6698,1.6696,1.6693,1.669,1.6687
0.3125,1.9825,1.6433,1.6634,1.6676,1.6689,1.6692,1.6691,1.6688,1.6685,1.6682,1.6679
0.31406,1.9811,1.6424,1.6626,1.6668,1.6681,1.6684,1.6683,1.6681,1.6677,1.6674,1.6671
0.31562,1.9798,1.6416,1.6618,1.6661,1.6673,1.6676,1.6675,1.6673,1.667,1.6667,1.6664
0.31719,1.9785,1.6407,1.661,1.6653,1.6666,1.6669,1.6668,1.6665,1.6662,1.6659,1.6656
0.31875,1.9772,1.6398,1.6602,1.6645,1.6658,1.6661,1.666,1.6658,1.6654,1.6651,1.6648
0.32031,1.9759,1.6389,1.6594,1.6637,1.665,1.6653,1.6653,1.665,1.6647,1.6644,1.6641
0.32188,1.9745,1.6381,1.6586,1.663,1.6643,1.6646,1.6645,1.6643,1.6639,1.6636,1.6633
0.32344,1.9732,1.6372,1.6578,1.6622,1.6635,1.6638,1.6638,1.6635,1.6632,1.6629,1.6625
0.325,1.9719,1.6363,1.657,1.6614,1.6628,1.6631,1.663,1.6627,1.6624,1.6621,1.6618
0.32656,1.9706,1.6355,1.6562,1.6607,1.662,1.6623,1.6623,1.662,1.6617,1.6613,1.661
0.32812,1.9694,1.6346,1.6554,1.6599,1.6613,1.6616,1.6615,1.6613,1.6609,1.6606,1.6603
0.32969,1.9681,1.6337,1.6547,1.6591,1.6605,1.6608,1.6608,1.6605,1.6602,1.6599,1.6595
0.33125,1.9668,1.6329,1.6539,1.6584,1.6598,1.6601,1.66,1.6598,1.6594,1.6591,1.6588
0.33281,1.9655,1.632,1.6531,1.6576,1.659,1.6594,1.6593,1.659,1.6587,1.6584,1.6581
0.33437,1.9642,1.6312,1.6523,1.6569,1.6583,1.6586,1.6585,1.6583,1.658,1.6576,1.6573
0.33594,1.9629,1.6303,1.6515,1.6561,1.6575,1.6579,1.6578,1.6576,1.6572,1.6569,1.6566
0.3375,1.9617,1.6294,1.6507,1.6554,1.6568,1.6571,1.6571,1.6568,1.6565,1.6562,1.6558
0.33906,1.9604,1.6286,1.65,1.6546,1.656,1.6564,1.6563,1.6561,1.6558,1.6554,1.6551
0.34063,1.9591,1.6278,1.6492,1.6539,1.6553,1.6557,1.6556,1.6554,1.655,1.6547,1.6544
0.34219,1.9579,1.6269,1.6484,1.6531,1.6546,1.655,1.6549,1.6546,1.6543,1.654,1.6537
0.34375,1.9566,1.6261,1.6477,1.6524,1.6538,1.6542,1.6542,1.6539,1.6536,1.6533,1.6529
0.34531,1.9554,1.6252,1.6469,1.6516,1.6531,1.6535,1.6534,1.6532,1.6529,1.6525,1.6522
0.34687,1.9541,1.6244,1.6461,1.6509,1.6524,1.6528,1.6527,1.6525,1.6522,1.6518,1.6515
0.34844,1.9529,1.6235,1.6454,1.6502,1.6517,1.6521,1.652,1.6518,1.6514,1.6511,1.6508
0.35,1.9516,1.6227,1.6446,1.6494,1.6509,1.6513,1.6513,1.651,1.6507,1.6504,1.6501
0.35156,1.9504,1.6219,1.6438,1.6487,1.6502,1.6506,1.6506,1.6503,1.65,1.6497,1.6494
0.35313,1.9492,1.6211,1.6431,1.648,1.6495,1.6499,1.6499,1.6496,1.6493,1.649,1.6487
0.35469,1.9479,1.6202,1.6423,1.6472,1.6488,1.6492,1.6492,1.6489,1.6486,1.6483,1.648
0.35625,1.9467,1.6194,1.6416,1.6465,1.6481,1.6485,1.6485,1.6482,1.6479,1.6476,1.6473
0.35781,1.9455,1.6186,1.6408,1.6458,1.6474,1.6478,1.6478,1.6475,1.6472,1.6469,1.6466
0.35938,1.9443,1.6178,1.6401,1.6451,1.6466,1.6471,1.6471,1.6468,1.6465,1.6462,1.6459
0.36094,1.943,1.6169,1.6393,1.6443,1.6459,1.6464,1.6464,1.6461,1.6458,1.6455,1.6452
0.3625,1.9418,1.6161,1.6386,1.6436,1.6452,1.6457,1.6457,1.6454,1.6451,1.6448,1.6445
0.36406,1.9406,1.6153,1.6378,1.6429,1.6445,1.645,1.645,1.6447,1.6444,1.6441,1.6438
0.36562,1.9394,1.6145,1.6371,1.6422,1.6438,1.6443,1.6443,1.644,1.6437,1.6434,1.6431
0.36719,1.9382,1.6137,1.6363,1.6415,1.6431,1.6436,1.6436,1.6434,1.6431,1.6427,1.6424
0.36875,1.937,1.6129,1.6356,1.6408,1.6424,1.6429,1.6429,1.6427,1.6424,1.642,1.6417
0.37031,1.9358,1.6121,1.6349,1.6401,1.6417,1.6422,1.6422,1.642,1.6417,1.6414,1.6411
0.37188,1.9346,1.6113,1.6341,1.6393,1.641,1.6415,1.6415,1.6413,1.641,1.6407,1.6404
0.37344,1.9335,1.6105,1.6334,1.6386,1.6403,1.6408,1.6408,1.6406,1.6403,1.64,1.6397
0.375,1.9323,1.6097,1.6327,1.6379,1.6396,1.6402,1.6402,1.64,1.6397,1.6393,1.639
0.37656,1.9311,1.6089,1.6319,1.6372,1.639,1.6395,1.6395,1.6393,1.639,1.6387,1.6384
0.37812,1.9299,1.6081,1.6312,1.6365,1.6383,1.6388,1.6388,1.6386,1.6383,1.638,1.6377
0.37969,1.9288,1.6073,1.6305,1.6358,1.6376,1.6381,1.6381,1.638,1.6377,1.6373,1.637
0.38125,1.9276,1.6065,1.6298,1.6351,1.6369,1.6374,1.6375,1.6373,1.637,1.6367,1.6364
0.38281,1.9264,1.6057,1.6291,1.6344,1.6362,1.6368,1.6368,1.6366,1.6363,1.636,1.6357
0.38438,1.9253,1.6049,1.6283,1.6338,1.6355,1.6361,1.6361,1.636,1.6357,1.6354,1.6351
0.38594,1.9241,1.6041,1.6276,1.6331,1.6349,1.6354,1.6355,1.6353,1.635,1.6347,1.6344
0.3875,1.923,1.6034,1.6269,1.6324,1.6342,1.6348,1.6348,1.6346,1.6344,1.6341,1.6338
0.38906,1.9218,1.6026,1.6262,1.6317,1.6335,1.6341,1.6342,1.634,1.6337,1.6334,1.6331
0.39062,1.9207,1.6018,1.6255,1.631,1.6328,1.6334,1.6335,1.6333,1.6331,1.6328,1.6325
0.39219,1.9195,1.601,1.6248,1.6303,1.6322,1.6328,1.6329,1.6327,1.6324,1.6321,1.6318
0.39375,1.9184,1.6003,1.6241,1.6296,1.6315,1.6321,1.6322,1.632,1.6318,1.6315,1.6312
0.39531,1.9173,1.5995,1.6234,1.629,1.6308,1.6315,1.6316,1.6314,1.6311,1.6308,1.6306
0.39687,1.9162,1.5987,1.6227,1.6283,1.6302,1.6308,1.6309,1.6308,1.6305,1.6302,1.6299
0.39844,1.915,1.598,1.622,1.6276,1.6295,1.6302,1.6303,1.6301,1.6299,1.6296,1.6293
0.4,1.9139,1.5972,1.6213,1.6269,1.6289,1.6295,1.6296,1.6295,1.6292,1.6289,1.6287
0.40156,1.9128,1.5964,1.6206,1.6263,1.6282,1.6289,1.629,1.6288,1.6286,1.6283,1.628
0.40313,1.9117,1.5957,1.6199,1.6256,1.6276,1.6282,1.6283,1.6282,1.628,1.6277,1.6274
0.40469,1.9106,1.5949,1.6192,1.6249,1.6269,1.6276,1.6277,1.6276,1.6273,1.6271,1.6268
0.40625,1.9095,1.5942,1.6185,1.6243,1.6263,1.6269,1.6271,1.6269,1.6267,1.6264,1.6262
0.40781,1.9084,1.5934,1.6178,1.6236,1.6256,1.6263,1.6264,1.6263,1.6261,1.6258,1.6256
0.40937,1.9073,1.5927,1.6171,1.623,1.625,1.6257,1.6258,1.6257,1.6255,1.6252,1.6249
0.41094,1.9062,1.5919,1.6164,1.6223,1.6243,1.625,1.6252,1.6251,1.6249,1.6246,1.6243
0.4125,1.9051,1.5912,1.6158,1.6216,1.6237,1.6244,1.6246,1.6245,1.6242,1.624,1.6237
0.41406,1.904,1.5904,1.6151,1.621,1.623,1.6238,1.6239,1.6238,1.6236,1.6234,1.6231
0.41563,1.9029,1.5897,1.6144,1.6203,1.6224,1.6231,1.6233,1.6232,1.623,1.6228,1.6225
0.41719,1.9019,1.5889,1.6137,1.6197,1.6218,1.6225,1.6227,1.6226,1.6224,1.6222,1.6219
0.41875,1.9008,1.5882,1.6131,1.619,1.6211,1.6219,1.6221,1.622,1.6218,1.6216,1.6213
0.42031,1.8997,1.5875,1.6124,1.6184,1.6205,1.6213,1.6215,1.6214,1.6212,1.621,1.6207
0.42188,1.8987,1.5867,1.6117,1.6177,1.6199,1.6206,1.6208,1.6208,1.6206,1.6204,1.6201
0.42344,1.8976,1.586,1.611,1.6171,1.6192,1.62,1.6202,1.6202,1.62,1.6198,1.6195
0.425,1.8965,1.5853,1.6104,1.6165,1.6186,1.6194,1.6196,1.6196,1.6194,1.6192,1.6189
0.42656,1.8955,1.5846,1.6097,1.6158,1.618,1.6188,1.619,1.619,1.6188,1.6186,1.6183
0.42812,1.8944,1.5838,1.609,1.6152,1.6174,1.6182,1.6184,1.6184,1.6182,1.618,1.6178
0.42969,1.8934,1.5831,1.6084,1.6145,1.6167,1.6176,1.6178,1.6178,1.6176,1.6174,1.6172
0.43125,1.8923,1.5824,1.6077,1.6139,1.6161,1.617,1.6172,1.6172,1.617,1.6168,1.6166
0.43281,1.8913,1.5817,1.6071,1.6133,1.6155,1.6163,1.6166,1.6166,1.6164,1.6162,1.616
0.43438,1.8903,1.581,1.6064,1.6126,1.6149,1.6157,1.616,1.616,1.6158,1.6156,1.6154
0.43594,1.8892,1.5803,1.6058,1.612,1.6143,1.6151,1.6154,1.6154,1.6153,1.6151,1.6149
0.4375,1.8882,1.5795,1.6051,1.6114,1.6137,1.6145,1.6148,1.6148,1.6147,1.6145,1.6143
0.43906,1.8872,1.5788,1.6045,1.6108,1.613,1.6139,1.6142,1.6142,1.6141,1.6139,1.6137
0.44062,1.8862,1.5781,1.6038,1.6101,1.6124,1.6133,1.6136,1.6136,1.6135,1.6133,1.6132
0.44219,1.8852,1.5774,1.6032,1.6095,1.6118,1.6127,1.613,1.6131,1.6129,1.6128,1.6126
0.44375,1.8841,1.5767,1.6025,1.6089,1.6112,1.6121,1.6125,1.6125,1.6124,1.6122,1.612
0.44531,1.8831,1.576,1.6019,1.6083,1.6106,1.6116,1.6119,1.6119,1.6118,1.6116,1.6115
0.44688,1.8821,1.5753,1.6012,1.6077,1.61,1.611,1.6113,1.6113,1.6112,1.6111,1.6109
0.44844,1.8811,1.5746,1.6006,1.6071,1.6094,1.6104,1.6107,1.6108,1.6107,1.6105,1.6103
0.45,1.8801,1.5739,1.6,1.6064,1.6088,1.6098,1.6101,1.6102,1.6101,1.61,1.6098
0.45156,1.8791,1.5732,1.5993,1.6058,1.6082,1.6092,1.6096,1.6096,1.6095,1.6094,1.6092
0.45312,1.8781,1.5726,1.5987,1.6052,1.6076,1.6086,1.609,1.6091,1.609,1.6088,1.6087
0.45469,1.8772,1.5719,1.5981,1.6046,1.607,1.608,1.6084,1.6085,1.6084,1.6083,1.6081
0.45625,1.8762,1.5712,1.5974,1.604,1.6064,1.6075,1.6078,1.6079,1.6079,1.6077,1.6076
0.45781,1.8752,1.5705,1.5968,1.6034,1.6059,1.6069,1.6073,1.6074,1.6073,1.6072,1.607
0.45937,1.8742,1.5698,1.5962,1.6028,1.6053,1.6063,1.6067,1.6068,1.6068,1.6066,1.6065
0.46094,1.8733,1.5691,1.5956,1.6022,1.6047,1.6057,1.6061,1.6062,1.6062,1.6061,1.606
0.4625,1.8723,1.5685,1.5949,1.6016,1.6041,1.6052,1.6056,1.6057,1.6056,1.6055,1.6054
0.46406,1.8713,1.5678,1.5943,1.601,1.6035,1.6046,1.605,1.6051,1.6051,1.605,1.6049
0.46563,1.8704,1.5671,1.5937,1.6004,1.6029,1.604,1.6044,1.6046,1.6046,1.6045,1.6043
0.46719,1.8694,1.5664,1.5931,1.5998,1.6024,1.6034,1.6039,1.604,1.604,1.6039,1.6038
0.46875,1.8685,1.5658,1.5925,1.5992,1.6018,1.6029,1.6033,1.6035,1.6035,1.6034,1.6033
0.47031,1.8675,1.5651,1.5919,1.5986,1.6012,1.6023,1.6028,1.6029,1.6029,1.6028,1.6027
0.47187,1.8666,1.5645,1.5913,1.598,1.6006,1.6017,1.6022,1.6024,1.6024,1.6023,1.6022
0.47344,1.8656,1.5638,1.5906,1.5975,1.6001,1.6012,1.6017,1.6018,1.6018,1.6018,1.6017
0.475,1.8647,1.5631,1.59,1.5969,1.5995,1.6006,1.6011,1.6013,1.6013,1.6012,1.6012
0.47656,1.8637,1.5625,1.5894,1.5963,1.5989,1.6001,1.6006,1.6007,1.6008,1.6007,1.6006
0.47813,1.8628,1.5618,1.5888,1.5957,1.5983,1.5995,1.6,1.6002,1.6002,1.6002,1.6001
0.47969,1.8619,1.5612,1.5882,1.5951,1.5978,1.5989,1.5995,1.5997,1.5997,1.5997,1.5996
0.48125,1.861,1.5605,1.5876,1.5945,1.5972,1.5984,1.5989,1.5991,1.5992,1.5991,1.5991
0.48281,1.86,1.5599,1.587,1.594,1.5966,1.5978,1.5984,1.5986,1.5986,1.5986,1.5985
0.48438,1.8591,1.5592,1.5864,1.5934,1.5961,1.5973,1.5978,1.5981,1.5981,1.5981,1.598
0.48594,1.8582,1.5586,1.5858,1.5928,1.5955,1.5967,1.5973,1.5975,1.5976,1.5976,1.5975
0.4875,1.8573,1.5579,1.5852,1.5922,1.595,1.5962,1.5968,1.597,1.5971,1.5971,1.597
0.48906,1.8564,1.5573,1.5846,1.5917,1.5944,1.5956,1.5962,1.5965,1.5966,1.5965,1.5965
0.49062,1.8555,1.5566,1.5841,1.5911,1.5939,1.5951,1.5957,1.5959,1.596,1.596,1.596
0.49219,1.8546,1.556,1.5835,1.5905,1.5933,1.5946,1.5952,1.5954,1.5955,1.5955,1.5955
0.49375,1.8537,1.5554,1.5829,1.59,1.5927,1.594,1.5946,1.5949,1.595,1.595,1.595
0.49531,1.8528,1.5547,1.5823,1.5894,1.5922,1.5935,1.5941,1.5944,1.5945,1.5945,1.5945
0.49688,1.8519,1.5541,1.5817,1.5888,1.5916,1.5929,1.5936,1.5938,1.594,1.594,1.594
0.49844,1.851,1.5535,1.5811,1.5883,1.5911,1.5924,1.593,1.5933,1.5934,1.5935,1.5935
0.5,1.8501,1.5528,1.5805,1.5877,1.5905,1.5919,1.5925,1.5928,1.5929,1.593,1.593
0.50156,1.8493,1.5522,1.58,1.5872,1.59,1.5913,1.592,1.5923,1.5924,1.5925,1.5925
0.50313,1.8484,1.5516,1.5794,1.5866,1.5894,1.5908,1.5914,1.5918,1.5919,1.592,1.592
0.50469,1.8475,1.551,1.5788,1.586,1.5889,1.5903,1.5909,1.5913,1.5914,1.5915,1.5915
0.50625,1.8466,1.5503,1.5782,1.5855,1.5884,1.5897,1.5904,1.5907,1.5909,1.591,1.591
0.50781,1.8458,1.5497,1.5777,1.5849,1.5878,1.5892,1.5899,1.5902,1.5904,1.5905,1.5905
0.50938,1.8449,1.5491,1.5771,1.5844,1.5873,1.5887,1.5894,1.5897,1.5899,1.59,1.59
0.51094,1.8441,1.5485,1.5765,1.5838,1.5867,1.5881,1.5888,1.5892,1.5894,1.5895,1.5895
0.5125,1.8432,1.5479,1.576,1.5833,1.5862,1.5876,1.5883,1.5887,1.5889,1.589,1.589
0.51406,1.8424,1.5473,1.5754,1.5827,1.5857,1.5871,1.5878,1.5882,1.5884,1.5885,1.5885
0.51562,1.8415,1.5467,1.5748,1.5822,1.5851,1.5866,1.5873,1.5877,1.5879,1.588,1.588
0.51719,1.8407,1.546,1.5743,1.5816,1.5846,1.586,1.5868,1.5872,1.5874,1.5875,1.5875
0.51875,1.8398,1.5454,1.5737,1.5811,1.5841,1.5855,1.5863,1.5867,1.5869,1.587,1.5871
0.52031,1.839,1.5448,1.5731,1.5805,1.5835,1.585,1.5858,1.5862,1.5864,1.5865,1.5866
0.52187,1.8381,1.5442,1.5726,1.58,1.583,1.5845,1.5852,1.5857,1.5859,1.586,1.5861
0.52344,1.8373,1.5436,1.572,1.5795,1.5825,1.5839,1.5847,1.5852,1.5854,1.5855,1.5856
0.525,1.8365,1.543,1.5715,1.5789,1.582,1.5834,1.5842,1.5847,1.5849,1.5851,1.5851
0.52656,1.8356,1.5424,1.5709,1.5784,1.5814,1.5829,1.5837,1.5842,1.5844,1.5846,1.5847
0.52812,1.8348,1.5418,1.5703,1.5779,1.5809,1.5824,1.5832,1.5837,1.5839,1.5841,1.5842
0.52969,1.834,1.5412,1.5698,1.5773,1.5804,1.5819,1.5827,1.5832,1.5834,1.5836,1.5837
0.53125,1.8332,1.5407,1.5692,1.5768,1.5799,1.5814,1.5822,1.5827,1.583,1.5831,1.5832
0.53281,1.8324,1.5401,1.5687,1.5762,1.5793,1.5809,1.5817,1.5822,1.5825,1.5826,1.5827
0.53438,1.8316,1.5395,1.5681,1.5757,1.5788,1.5804,1.5812,1.5817,1.582,1.5822,1.5823
0.53594,1.8308,1.5389,1.5676,1.5752,1.5783,1.5798,1.5807,1.5812,1.5815,1.5817,1.5818
0.5375,1.8299,1.5383,1.5671,1.5747,1.5778,1.5793,1.5802,1.5807,1.581,1.5812,1.5813
0.53906,1.8291,1.5377,1.5665,1.5741,1.5773,1.5788,1.5797,1.5802,1.5805,1.5807,1.5809
0.54063,1.8283,1.5371,1.566,1.5736,1.5767,1.5783,1.5792,1.5797,1.58,1.5802,1.5804
0.54219,1.8276,1.5366,1.5654,1.5731,1.5762,1.5778,1.5787,1.5792,1.5796,1.5798,1.5799
0.54375,1.8268,1.536,1.5649,1.5726,1.5757,1.5773,1.5782,1.5787,1.5791,1.5793,1.5794
0.54531,1.826,1.5354,1.5643,1.572,1.5752,1.5768,1.5777,1.5783,1.5786,1.5788,1.579
0.54688,1.8252,1.5348,1.5638,1.5715,1.5747,1.5763,1.5772,1.5778,1.5781,1.5784,1.5785
0.54844,1.8244,1.5343,1.5633,1.571,1.5742,1.5758,1.5767,1.5773,1.5776,1.5779,1.578
0.55,1.8236,1.5337,1.5627,1.5705,1.5737,1.5753,1.5762,1.5768,1.5772,1.5774,1.5776
0.55156,1.8228,1.5331,1.5622,1.5699,1.5732,1.5748,1.5757,1.5763,1.5767,1.5769,1.5771
0.55312,1.8221,1.5325,1.5617,1.5694,1.5726,1.5743,1.5752,1.5758,1.5762,1.5765,1.5766
0.55469,1.8213,1.532,1.5611,1.5689,1.5721,1.5738,1.5748,1.5753,1.5757,1.576,1.5762
0.55625,1.8205,1.5314,1.5606,1.5684,1.5716,1.5733,1.5743,1.5749,1.5753,1.5755,1.5757
0.55781,1.8198,1.5308,1.5601,1.5679,1.5711,1.5728,1.5738,1.5744,1.5748,1.5751,1.5753
0.55937,1.819,1.5303,1.5596,1.5674,1.5706,1.5723,1.5733,1.5739,1.5743,1.5746,1.5748
0.56094,1.8182,1.5297,1.559,1.5668,1.5701,1.5718,1.5728,1.5734,1.5738,1.5741,1.5743
0.5625,1.8175,1.5292,1.5585,1.5663,1.5696,1.5713,1.5723,1.5729,1.5734,1.5737,1.5739
0.56406,1.8167,1.5286,1.558,1.5658,1.5691,1.5708,1.5718,1.5725,1.5729,1.5732,1.5734
0.56563,1.816,1.528,1.5575,1.5653,1.5686,1.5703,1.5713,1.572,1.5724,1.5727,1.573
0.56719,1.8152,1.5275,1.5569,1.5648,1.5681,1.5698,1.5709,1.5715,1.572,1.5723,1.5725
0.56875,1.8145,1.5269,1.5564,1.5643,1.5676,1.5693,1.5704,1.571,1.5715,1.5718,1.572
0.57031,1.8137,1.5264,1.5559,1.5638,1.5671,1.5689,1.5699,1.5706,1.571,1.5713,1.5716
0.57188,1.813,1.5258,1.5554,1.5633,1.5666,1.5684,1.5694,1.5701,1.5705,1.5709,1.5711
0.57344,1.8123,1.5253,1.5549,1.5628,1.5661,1.5679,1.5689,1.5696,1.5701,1.5704,1.5707
0.575,1.8115,1.5247,1.5543,1.5623,1.5656,1.5674,1.5684,1.5691,1.5696,1.57,1.5702
0.57656,1.8108,1.5242,1.5538,1.5618,1.5651,1.5669,1.568,1.5687,1.5691,1.5695,1.5698
0.57812,1.8101,1.5237,1.5533,1.5613,1.5646,1.5664,1.5675,1.5682,1.5687,1.569,1.5693
0.57969,1.8093,1.5231,1.5528,1.5608,1.5641,1.5659,1.567,1.5677,1.5682,1.5686,1.5688
0.58125,1.8086,1.5226,1.5523,1.5603,1.5636,1.5654,1.5665,1.5672,1.5677,1.5681,1.5684
0.58281,1.8079,1.522,1.5518,1.5598,1.5632,1.565,1.5661,1.5668,1.5673,1.5677,1.5679
0.58437,1.8072,1.5215,1.5513,1.5593,1.5627,1.5645,1.5656,1.5663,1.5668,1.5672,1.5675
0.58594,1.8065,1.521,1.5508,1.5588,1.5622,1.564,1.5651,1.5658,1.5664,1.5667,1.567
0.5875,1.8057,1.5204,1.5503,1.5583,1.5617,1.5635,1.5646,1.5654,1.5659,1.5663,1.5666
0.58906,1.805,1.5199,1.5497,1.5578,1.5612,1.563,1.5641,1.5649,1.5654,1.5658,1.5661
0.59062,1.8043,1.5193,1.5492,1.5573,1.5607,1.5625,1.5637,1.5644,1.565,1.5654,1.5657
0.59219,1.8036,1.5188,1.5487,1.5568,1.5602,1.5621,1.5632,1.564,1.5645,1.5649,1.5652
0.59375,1.8029,1.5183,1.5482,1.5563,1.5597,1.5616,1.5627,1.5635,1.564,1.5644,1.5648
0.59531,1.8022,1.5178,1.5477,1.5558,1.5592,1.5611,1.5622,1.563,1.5636,1.564,1.5643
0.59688,1.8015,1.5172,1.5472,1.5553,1.5588,1.5606,1.5618,1.5625,1.5631,1.5635,1.5639
0.59844,1.8008,1.5167,1.5467,1.5548,1.5583,1.5601,1.5613,1.5621,1.5626,1.5631,1.5634
0.6,1.8001,1.5162,1.5462,1.5543,1.5578,1.5597,1.5608,1.5616,1.5622,1.5626,1.563
0.60156,1.7994,1.5157,1.5457,1.5538,1.5573,1.5592,1.5603,1.5611,1.5617,1.5622,1.5625
0.60313,1.7987,1.5151,1.5452,1.5533,1.5568,1.5587,1.5599,1.5607,1.5613,1.5617,1.562
0.60469,1.7981,1.5146,1.5447,1.5529,1.5563,1.5582,1.5594,1.5602,1.5608,1.5613,1.5616
0.60625,1.7974,1.5141,1.5442,1.5524,1.5558,1.5577,1.5589,1.5597,1.5603,1.5608,1.5611
0.60781,1.7967,1.5136,1.5437,1.5519,1.5554,1.5573,1.5585,1.5593,1.5599,1.5603,1.5607
0.60938,1.796,1.513,1.5433,1.5514,1.5549,1.5568,1.558,1.5588,1.5594,1.5599,1.5602
0.61094,1.7953,1.5125,1.5428,1.5509,1.5544,1.5563,1.5575,1.5583,1.559,1.5594,1.5598
0.6125,1.7947,1.512,1.5423,1.5504,1.5539,1.5558,1.557,1.5579,1.5585,1.559,1.5593
0.61406,1.794,1.5115,1.5418,1.5499,1.5534,1.5554,1.5566,1.5574,1.558,1.5585,1.5589
0.61562,1.7933,1.511,1.5413,1.5495,1.553,1.5549,1.5561,1.557,1.5576,1.5581,1.5584
0.61719,1.7926,1.5105,1.5408,1.549,1.5525,1.5544,1.5556,1.5565,1.5571,1.5576,1.558
0.61875,1.792,1.51,1.5403,1.5485,1.552,1.5539,1.5552,1.556,1.5567,1.5572,1.5575
0.62031,1.7913,1.5095,1.5398,1.548,1.5515,1.5535,1.5547,1.5556,1.5562,1.5567,1.5571
0.62187,1.7907,1.5089,1.5393,1.5475,1.551,1.553,1.5542,1.5551,1.5557,1.5562,1.5566
0.62344,1.79,1.5084,1.5388,1.547,1.5506,1.5525,1.5538,1.5546,1.5553,1.5558,1.5562
0.625,1.7893,1.5079,1.5384,1.5466,1.5501,1.552,1.5533,1.5542,1.5548,1.5553,1.5557
0.62656,1.7887,1.5074,1.5379,1.5461,1.5496,1.5516,1.5528,1.5537,1.5544,1.5549,1.5553
0.62813,1.788,1.5069,1.5374,1.5456,1.5491,1.5511,1.5524,1.5532,1.5539,1.5544,1.5548
0.62969,1.7874,1.5064,1.5369,1.5451,1.5487,1.5506,1.5519,1.5528,1.5534,1.554,1.5544
0.63125,1.7867,1.5059,1.5364,1.5446,1.5482,1.5501,1.5514,1.5523,1.553,1.5535,1.5539
0.63281,1.7861,1.5054,1.5359,1.5442,1.5477,1.5497,1.5509,1.5518,1.5525,1.5531,1.5535
0.63438,1.7854,1.5049,1.5355,1.5437,1.5472,1.5492,1.5505,1.5514,1.5521,1.5526,1.553
0.63594,1.7848,1.5044,1.535,1.5432,1.5468,1.5487,1.55,1.5509,1.5516,1.5521,1.5526
0.6375,1.7842,1.5039,1.5345,1.5427,1.5463,1.5483,1.5495,1.5505,1.5511,1.5517,1.5521
0.63906,1.7835,1.5034,1.534,1.5423,1.5458,1.5478,1.5491,1.55,1.5507,1.5512,1.5517
0.64062,1.7829,1.5029,1.5335,1.5418,1.5453,1.5473,1.5486,1.5495,1.5502,1.5508,1.5512
0.64219,1.7822,1.5024,1.5331,1.5413,1.5449,1.5468,1.5481,1.5491,1.5498,1.5503,1.5508
0.64375,1.7816,1.5019,1.5326,1.5408,1.5444,1.5464,1.5477,1.5486,1.5493,1.5499,1.5503
0.64531,1.781,1.5015,1.5321,1.5404,1.5439,1.5459,1.5472,1.5481,1.5488,1.5494,1.5498
0.64687,1.7804,1.501,1.5316,1.5399,1.5434,1.5454,1.5467,1.5477,1.5484,1.5489,1.5494
0.64844,1.7797,1.5005,1.5312,1.5394,1.543,1.545,1.5463,1.5472,1.5479,1.5485,1.5489
0.65,1.7791,1.5,1.5307,1.5389,1.5425,1.5445,1.5458,1.5467,1.5475,1.548,1.5485
0.65156,1.7785,1.4995,1.5302,1.5385,1.542,1.544,1.5453,1.5463,1.547,1.5476,1.548
0.65312,1.7779,1.499,1.5297,1.538,1.5416,1.5436,1.5449,1.5458,1.5465,1.5471,1.5476
0.65469,1.7772,1.4985,1.5293,1.5375,1.5411,1.5431,1.5444,1.5453,1.5461,1.5466,1.5471
0.65625,1.7766,1.498,1.5288,1.5371,1.5406,1.5426,1.5439,1.5449,1.5456,1.5462,1.5467
0.65781,1.776,1.4975,1.5283,1.5366,1.5401,1.5421,1.5435,1.5444,1.5451,1.5457,1.5462
0.65938,1.7754,1.4971,1.5279,1.5361,1.5397,1.5417,1.543,1.5439,1.5447,1.5453,1.5457
0.66094,1.7748,1.4966,1.5274,1.5356,1.5392,1.5412,1.5425,1.5435,1.5442,1.5448,1.5453
0.6625,1.7742,1.4961,1.5269,1.5352,1.5387,1.5407,1.542,1.543,1.5437,1.5443,1.5448
0.66406,1.7736,1.4956,1.5264,1.5347,1.5383,1.5403,1.5416,1.5425,1.5433,1.5439,1.5444
0.66563,1.773,1.4951,1.526,1.5342,1.5378,1.5398,1.5411,1.5421,1.5428,1.5434,1.5439
0.66719,1.7724,1.4946,1.5255,1.5338,1.5373,1.5393,1.5406,1.5416,1.5424,1.543,1.5434
0.66875,1.7717,1.4942,1.525,1.5333,1.5368,1.5388,1.5402,1.5411,1.5419,1.5425,1.543
0.67031,1.7711,1.4937,1.5246,1.5328,1.5364,1.5384,1.5397,1.5407,1.5414,1.542,1.5425
0.67188,1.7705,1.4932,1.5241,1.5324,1.5359,1.5379,1.5392,1.5402,1.541,1.5416,1.5421
0.67344,1.7699,1.4927,1.5236,1.5319,1.5354,1.5374,1.5388,1.5397,1.5405,1.5411,1.5416
0.675,1.7694,1.4923,1.5232,1.5314,1.535,1.537,1.5383,1.5393,1.54,1.5406,1.5411
0.67656,1.7688,1.4918,1.5227,1.5309,1.5345,1.5365,1.5378,1.5388,1.5396,1.5402,1.5407
0.67812,1.7682,1.4913,1.5222,1.5305,1.534,1.536,1.5373,1.5383,1.5391,1.5397,1.5402
0.67969,1.7676,1.4908,1.5218,1.53,1.5336,1.5356,1.5369,1.5379,1.5386,1.5392,1.5397
0.68125,1.767,1.4904,1.5213,1.5295,1.5331,1.5351,1.5364,1.5374,1.5382,1.5388,1.5393
0.68281,1.7664,1.4899,1.5208,1.5291,1.5326,1.5346,1.5359,1.5369,1.5377,1.5383,1.5388
0.68437,1.7658,1.4894,1.5204,1.5286,1.5321,1.5341,1.5355,1.5364,1.5372,1.5378,1.5384
0.68594,1.7652,1.4889,1.5199,1.5281,1.5317,1.5337,1.535,1.536,1.5367,1.5374,1.5379
0.6875,1.7646,1.4885,1.5195,1.5277,1.5312,1.5332,1.5345,1.5355,1.5363,1.5369,1.5374
0.68906,1.7641,1.488,1.519,1.5272,1.5307,1.5327,1.534,1.535,1.5358,1.5364,1.5369
0.69063,1.7635,1.4875,1.5185,1.5267,1.5303,1.5322,1.5336,1.5346,1.5353,1.536,1.5365
0.69219,1.7629,1.4871,1.5181,1.5263,1.5298,1.5318,1.5331,1.5341,1.5349,1.5355,1.536
0.69375,1.7623,1.4866,1.5176,1.5258,1.5293,1.5313,1.5326,1.5336,1.5344,1.535,1.5355
0.69531,1.7617,1.4861,1.5171,1.5253,1.5289,1.5308,1.5321,1.5331,1.5339,1.5345,1.5351
0.69688,1.7612,1.4856,1.5167,1.5249,1.5284,1.5304,1.5317,1.5327,1.5334,1.5341,1.5346
0.69844,1.7606,1.4852,1.5162,1.5244,1.5279,1.5299,1.5312,1.5322,1.533,1.5336,1.5341
0.7,1.76,1.4847,1.5158,1.5239,1.5274,1.5294,1.5307,1.5317,1.5325,1.5331,1.5336
0.70156,1.7594,1.4842,1.5153,1.5235,1.527,1.5289,1.5302,1.5312,1.532,1.5326,1.5332
0.70312,1.7589,1.4838,1.5148,1.523,1.5265,1.5285,1.5298,1.5308,1.5315,1.5322,1.5327
0.70469,1.7583,1.4833,1.5144,1.5225,1.526,1.528,1.5293,1.5303,1.5311,1.5317,1.5322
0.70625,1.7577,1.4829,1.5139,1.5221,1.5256,1.5275,1.5288,1.5298,1.5306,1.5312,1.5317
0.70781,1.7572,1.4824,1.5135,1.5216,1.5251,1.527,1.5283,1.5293,1.5301,1.5307,1.5313
0.70937,1.7566,1.4819,1.513,1.5211,1.5246,1.5266,1.5279,1.5288,1.5296,1.5303,1.5308
0.71094,1.756,1.4815,1.5125,1.5207,1.5241,1.5261,1.5274,1.5284,1.5291,1.5298,1.5303
0.7125,1.7555,1.481,1.5121,1.5202,1.5237,1.5256,1.5269,1.5279,1.5287,1.5293,1.5298
0.71406,1.7549,1.4805,1.5116,1.5197,1.5232,1.5251,1.5264,1.5274,1.5282,1.5288,1.5293
0.71562,1.7543,1.4801,1.5112,1.5193,1.5227,1.5246,1.5259,1.5269,1.5277,1.5283,1.5289
0.71719,1.7538,1.4796,1.5107,1.5188,1.5222,1.5242,1.5255,1.5264,1.5272,1.5278,1.5284
0.71875,1.7532,1.4792,1.5102,1.5183,1.5218,1.5237,1.525,1.5259,1.5267,1.5274,1.5279
0.72031,1.7527,1.4787,1.5098,1.5179,1.5213,1.5232,1.5245,1.5255,1.5262,1.5269,1.5274
0.72188,1.7521,1.4782,1.5093,1.5174,1.5208,1.5227,1.524,1.525,1.5258,1.5264,1.5269
0.72344,1.7516,1.4778,1.5089,1.5169,1.5203,1.5223,1.5235,1.5245,1.5253,1.5259,1.5264
0.725,1.751,1.4773,1.5084,1.5165,1.5199,1.5218,1.523,1.524,1.5248,1.5254,1.5259
0.72656,1.7505,1.4769,1.5079,1.516,1.5194,1.5213,1.5226,1.5235,1.5243,1.5249,1.5255
0.72813,1.7499,1.4764,1.5075,1.5155,1.5189,1.5208,1.5221,1.523,1.5238,1.5244,1.525
0.72969,1.7494,1.4759,1.507,1.5151,1.5184,1.5203,1.5216,1.5225,1.5233,1.5239,1.5245
0.73125,1.7488,1.4755,1.5066,1.5146,1.518,1.5198,1.5211,1.5221,1.5228,1.5235,1.524
0.73281,1.7483,1.475,1.5061,1.5141,1.5175,1.5194,1.5206,1.5216,1.5223,1.523,1.5235
0.73438,1.7477,1.4746,1.5057,1.5137,1.517,1.5189,1.5201,1.5211,1.5218,1.5225,1.523
0.73594,1.7472,1.4741,1.5052,1.5132,1.5165,1.5184,1.5196,1.5206,1.5213,1.522,1.5225
0.7375,1.7466,1.4736,1.5047,1.5127,1.5161,1.5179,1.5192,1.5201,1.5209,1.5215,1.522
0.73906,1.7461,1.4732,1.5043,1.5123,1.5156,1.5174,1.5187,1.5196,1.5204,1.521,1.5215
0.74062,1.7455,1.4727,1.5038,1.5118,1.5151,1.5169,1.5182,1.5191,1.5199,1.5205,1.521
0.74219,1.745,1.4723,1.5034,1.5113,1.5146,1.5165,1.5177,1.5186,1.5194,1.52,1.5205
0.74375,1.7444,1.4718,1.5029,1.5109,1.5141,1.516,1.5172,1.5181,1.5189,1.5195,1.52
0.74531,1.7439,1.4714,1.5024,1.5104,1.5137,1.5155,1.5167,1.5176,1.5184,1.519,1.5195
0.74687,1.7434,1.4709,1.502,1.5099,1.5132,1.515,1.5162,1.5171,1.5179,1.5185,1.519
0.74844,1.7428,1.4705,1.5015,1.5094,1.5127,1.5145,1.5157,1.5166,1.5174,1.518,1.5185
0.75,1.7423,1.47,1.5011,1.509,1.5122,1.514,1.5152,1.5161,1.5169,1.5175,1.518
0.75156,1.7417,1.4695,1.5006,1.5085,1.5117,1.5135,1.5147,1.5156,1.5164,1.517,1.5175
0.75313,1.7412,1.4691,1.5002,1.508,1.5113,1.513,1.5142,1.5151,1.5159,1.5165,1.517
0.75469,1.7407,1.4686,1.4997,1.5076,1.5108,1.5125,1.5137,1.5146,1.5154,1.516,1.5165
0.75625,1.7401,1.4682,1.4992,1.5071,1.5103,1.5121,1.5132,1.5141,1.5148,1.5155,1.516
0.75781,1.7396,1.4677,1.4988,1.5066,1.5098,1.5116,1.5127,1.5136,1.5143,1.5149,1.5155
0.75938,1.7391,1.4673,1.4983,1.5061,1.5093,1.5111,1.5122,1.5131,1.5138,1.5144,1.5149
0.76094,1.7385,1.4668,1.4979,1.5057,1.5088,1.5106,1.5117,1.5126,1.5133,1.5139,1.5144
0.7625,1.738,1.4664,1.4974,1.5052,1.5084,1.5101,1.5112,1.5121,1.5128,1.5134,1.5139
0.76406,1.7375,1.4659,1.4969,1.5047,1.5079,1.5096,1.5107,1.5116,1.5123,1.5129,1.5134
0.76562,1.7369,1.4654,1.4965,1.5043,1.5074,1.5091,1.5102,1.5111,1.5118,1.5124,1.5129
0.76719,1.7364,1.465,1.496,1.5038,1.5069,1.5086,1.5097,1.5106,1.5113,1.5119,1.5124
0.76875,1.7359,1.4645,1.4956,1.5033,1.5064,1.5081,1.5092,1.5101,1.5108,1.5113,1.5118
0.77031,1.7353,1.4641,1.4951,1.5028,1.5059,1.5076,1.5087,1.5096,1.5103,1.5108,1.5113
0.77187,1.7348,1.4636,1.4946,1.5023,1.5054,1.5071,1.5082,1.5091,1.5097,1.5103,1.5108
0.77344,1.7343,1.4632,1.4942,1.5019,1.5049,1.5066,1.5077,1.5085,1.5092,1.5098,1.5103
0.775,1.7337,1.4627,1.4937,1.5014,1.5045,1.5061,1.5072,1.508,1.5087,1.5093,1.5097
0.77656,1.7332,1.4623,1.4932,1.5009,1.504,1.5056,1.5067,1.5075,1.5082,1.5087,1.5092
0.77812,1.7327,1.4618,1.4928,1.5004,1.5035,1.5051,1.5062,1.507,1.5077,1.5082,1.5087
0.77969,1.7322,1.4614,1.4923,1.5,1.503,1.5046,1.5057,1.5065,1.5071,1.5077,1.5082
0.78125,1.7316,1.4609,1.4919,1.4995,1.5025,1.5041,1.5052,1.506,1.5066,1.5072,1.5076
0.78281,1.7311,1.4605,1.4914,1.499,1.502,1.5036,1.5046,1.5054,1.5061,1.5066,1.5071
0.78438,1.7306,1.46,1.4909,1.4985,1.5015,1.5031,1.5041,1.5049,1.5056,1.5061,1.5066
0.78594,1.7301,1.4595,1.4905,1.498,1.501,1.5026,1.5036,1.5044,1.505,1.5056,1.506
0.7875,1.7295,1.4591,1.49,1.4976,1.5005,1.5021,1.5031,1.5039,1.5045,1.505,1.5055
0.78906,1.729,1.4586,1.4895,1.4971,1.5,1.5016,1.5026,1.5034,1.504,1.5045,1.505
0.79063,1.7285,1.4582,1.4891,1.4966,1.4995,1.5011,1.5021,1.5028,1.5035,1.504,1.5044
0.79219,1.728,1.4577,1.4886,1.4961,1.499,1.5005,1.5016,1.5023,1.5029,1.5034,1.5039
0.79375,1.7275,1.4573,1.4881,1.4956,1.4985,1.5,1.501,1.5018,1.5024,1.5029,1.5033
0.79531,1.7269,1.4568,1.4877,1.4951,1.498,1.4995,1.5005,1.5013,1.5019,1.5024,1.5028
0.79688,1.7264,1.4564,1.4872,1.4947,1.4975,1.499,1.5,1.5007,1.5013,1.5018,1.5023
0.79844,1.7259,1.4559,1.4867,1.4942,1.497,1.4985,1.4995,1.5002,1.5008,1.5013,1.5017
0.8,1.7254,1.4554,1.4863,1.4937,1.4965,1.498,1.4989,1.4997,1.5002,1.5007,1.5012
0.80156,1.7248,1.455,1.4858,1.4932,1.496,1.4975,1.4984,1.4991,1.4997,1.5002,1.5006
0.80312,1.7243,1.4545,1.4853,1.4927,1.4955,1.497,1.4979,1.4986,1.4992,1.4997,1.5001
0.80469,1.7238,1.4541,1.4849,1.4922,1.495,1.4964,1.4974,1.4981,1.4986,1.4991,1.4995
0.80625,1.7233,1.4536,1.4844,1.4917,1.4945,1.4959,1.4968,1.4975,1.4981,1.4986,1.499
0.80781,1.7228,1.4532,1.4839,1.4913,1.494,1.4954,1.4963,1.497,1.4975,1.498,1.4984
0.80937,1.7223,1.4527,1.4835,1.4908,1.4935,1.4949,1.4958,1.4964,1.497,1.4975,1.4979
0.81094,1.7217,1.4522,1.483,1.4903,1.493,1.4944,1.4952,1.4959,1.4964,1.4969,1.4973
0.8125,1.7212,1.4518,1.4825,1.4898,1.4925,1.4938,1.4947,1.4954,1.4959,1.4964,1.4967
0.81406,1.7207,1.4513,1.482,1.4893,1.492,1.4933,1.4942,1.4948,1.4954,1.4958,1.4962
0.81563,1.7202,1.4509,1.4816,1.4888,1.4915,1.4928,1.4936,1.4943,1.4948,1.4952,1.4956
0.81719,1.7197,1.4504,1.4811,1.4883,1.491,1.4923,1.4931,1.4937,1.4943,1.4947,1.4951
0.81875,1.7192,1.45,1.4806,1.4878,1.4904,1.4917,1.4926,1.4932,1.4937,1.4941,1.4945
0.82031,1.7186,1.4495,1.4801,1.4873,1.4899,1.4912,1.492,1.4926,1.4931,1.4936,1.4939
0.82188,1.7181,1.449,1.4797,1.4868,1.4894,1.4907,1.4915,1.4921,1.4926,1.493,1.4934
0.82344,1.7176,1.4486,1.4792,1.4863,1.4889,1.4902,1.491,1.4915,1.492,1.4924,1.4928
0.825,1.7171,1.4481,1.4787,1.4858,1.4884,1.4896,1.4904,1.491,1.4915,1.4919,1.4922
0.82656,1.7166,1.4477,1.4782,1.4853,1.4879,1.4891,1.4899,1.4904,1.4909,1.4913,1.4917
0.82812,1.7161,1.4472,1.4778,1.4848,1.4874,1.4886,1.4893,1.4899,1.4904,1.4907,1.4911
0.82969,1.7155,1.4467,1.4773,1.4843,1.4868,1.488,1.4888,1.4893,1.4898,1.4902,1.4905
0.83125,1.715,1.4463,1.4768,1.4838,1.4863,1.4875,1.4882,1.4888,1.4892,1.4896,1.4899
0.83281,1.7145,1.4458,1.4763,1.4833,1.4858,1.487,1.4877,1.4882,1.4887,1.489,1.4894
0.83437,1.714,1.4454,1.4759,1.4828,1.4853,1.4864,1.4871,1.4877,1.4881,1.4885,1.4888
0.83594,1.7135,1.4449,1.4754,1.4823,1.4848,1.4859,1.4866,1.4871,1.4875,1.4879,1.4882
0.8375,1.713,1.4444,1.4749,1.4818,1.4842,1.4854,1.486,1.4865,1.487,1.4873,1.4876
0.83906,1.7125,1.444,1.4744,1.4813,1.4837,1.4848,1.4855,1.486,1.4864,1.4867,1.487
0.84062,1.7119,1.4435,1.4739,1.4808,1.4832,1.4843,1.4849,1.4854,1.4858,1.4862,1.4864
0.84219,1.7114,1.443,1.4735,1.4803,1.4827,1.4837,1.4844,1.4849,1.4852,1.4856,1.4859
0.84375,1.7109,1.4426,1.473,1.4798,1.4821,1.4832,1.4838,1.4843,1.4847,1.485,1.4853
0.84531,1.7104,1.4421,1.4725,1.4793,1.4816,1.4827,1.4833,1.4837,1.4841,1.4844,1.4847
0.84688,1.7099,1.4416,1.472,1.4788,1.4811,1.4821,1.4827,1.4832,1.4835,1.4838,1.4841
0.84844,1.7094,1.4412,1.4715,1.4783,1.4806,1.4816,1.4822,1.4826,1.4829,1.4832,1.4835
0.85,1.7089,1.4407,1.471,1.4778,1.48,1.481,1.4816,1.482,1.4823,1.4826,1.4829
0.85156,1.7083,1.4402,1.4706,1.4773,1.4795,1.4805,1.481,1.4814,1.4818,1.4821,1.4823
0.85313,1.7078,1.4398,1.4701,1.4768,1.479,1.4799,1.4805,1.4809,1.4812,1.4815,1.4817
0.85469,1.7073,1.4393,1.4696,1.4762,1.4784,1.4794,1.4799,1.4803,1.4806,1.4809,1.4811
0.85625,1.7068,1.4388,1.4691,1.4757,1.4779,1.4788,1.4793,1.4797,1.48,1.4803,1.4805
0.85781,1.7063,1.4384,1.4686,1.4752,1.4774,1.4783,1.4788,1.4791,1.4794,1.4797,1.4799
0.85938,1.7058,1.4379,1.4681,1.4747,1.4768,1.4777,1.4782,1.4786,1.4788,1.4791,1.4793
0.86094,1.7053,1.4374,1.4676,1.4742,1.4763,1.4772,1.4776,1.478,1.4782,1.4785,1.4787
0.8625,1.7047,1.437,1.4671,1.4737,1.4757,1.4766,1.4771,1.4774,1.4777,1.4779,1.4781
0.86406,1.7042,1.4365,1.4666,1.4732,1.4752,1.476,1.4765,1.4768,1.4771,1.4773,1.4775
0.86562,1.7037,1.436,1.4661,1.4726,1.4747,1.4755,1.4759,1.4762,1.4765,1.4767,1.4769
0.86719,1.7032,1.4356,1.4657,1.4721,1.4741,1.4749,1.4753,1.4756,1.4759,1.4761,1.4763
0.86875,1.7027,1.4351,1.4652,1.4716,1.4736,1.4744,1.4748,1.475,1.4753,1.4755,1.4756
0.87031,1.7022,1.4346,1.4647,1.4711,1.473,1.4738,1.4742,1.4745,1.4747,1.4749,1.475
0.87187,1.7017,1.4341,1.4642,1.4706,1.4725,1.4732,1.4736,1.4739,1.4741,1.4742,1.4744
0.87344,1.7012,1.4337,1.4637,1.47,1.472,1.4727,1.473,1.4733,1.4735,1.4736,1.4738
0.875,1.7006,1.4332,1.4632,1.4695,1.4714,1.4721,1.4725,1.4727,1.4729,1.473,1.4732
0.87656,1.7001,1.4327,1.4627,1.469,1.4709,1.4715,1.4719,1.4721,1.4723,1.4724,1.4725
0.87813,1.6996,1.4322,1.4622,1.4685,1.4703,1.471,1.4713,1.4715,1.4717,1.4718,1.4719
0.87969,1.6991,1.4318,1.4617,1.4679,1.4698,1.4704,1.4707,1.4709,1.471,1.4712,1.4713
0.88125,1.6986,1.4313,1.4612,1.4674,1.4692,1.4698,1.4701,1.4703,1.4704,1.4706,1.4707
0.88281,1.6981,1.4308,1.4607,1.4669,1.4687,1.4693,1.4695,1.4697,1.4698,1.4699,1.47
0.88438,1.6976,1.4303,1.4602,1.4663,1.4681,1.4687,1.469,1.4691,1.4692,1.4693,1.4694
0.88594,1.697,1.4299,1.4597,1.4658,1.4676,1.4681,1.4684,1.4685,1.4686,1.4687,1.4688
0.8875,1.6965,1.4294,1.4592,1.4653,1.467,1.4676,1.4678,1.4679,1.468,1.4681,1.4682
0.88906,1.696,1.4289,1.4587,1.4648,1.4664,1.467,1.4672,1.4673,1.4674,1.4674,1.4675
0.89062,1.6955,1.4284,1.4582,1.4642,1.4659,1.4664,1.4666,1.4667,1.4667,1.4668,1.4669
0.89219,1.695,1.4279,1.4577,1.4637,1.4653,1.4658,1.466,1.4661,1.4661,1.4662,1.4662
0.89375,1.6945,1.4275,1.4572,1.4632,1.4648,1.4652,1.4654,1.4655,1.4655,1.4656,1.4656
0.89531,1.694,1.427,1.4567,1.4626,1.4642,1.4647,1.4648,1.4648,1.4649,1.4649,1.465
0.89687,1.6934,1.4265,1.4561,1.4621,1.4636,1.4641,1.4642,1.4642,1.4643,1.4643,1.4643
0.89844,1.6929,1.426,1.4556,1.4615,1.4631,1.4635,1.4636,1.4636,1.4636,1.4637,1.4637
0.9,1.6924,1.4255,1.4551,1.461,1.4625,1.4629,1.463,1.463,1.463,1.463,1.463
0.90156,1.6919,1.425,1.4546,1.4605,1.462,1.4623,1.4624,1.4624,1.4624,1.4624,1.4624
0.90312,1.6914,1.4246,1.4541,1.4599,1.4614,1.4617,1.4618,1.4618,1.4618,1.4617,1.4617
0.90469,1.6909,1.4241,1.4536,1.4594,1.4608,1.4612,1.4612,1.4612,1.4611,1.4611,1.4611
0.90625,1.6903,1.4236,1.4531,1.4588,1.4603,1.4606,1.4606,1.4605,1.4605,1.4605,1.4604
0.90781,1.6898,1.4231,1.4526,1.4583,1.4597,1.46,1.46,1.4599,1.4599,1.4598,1.4598
0.90938,1.6893,1.4226,1.4521,1.4578,1.4591,1.4594,1.4594,1.4593,1.4592,1.4592,1.4591
0.91094,1.6888,1.4221,1.4515,1.4572,1.4585,1.4588,1.4588,1.4587,1.4586,1.4585,1.4585
0.9125,1.6883,1.4216,1.451,1.4567,1.458,1.4582,1.4581,1.458,1.4579,1.4579,1.4578
0.91406,1.6878,1.4212,1.4505,1.4561,1.4574,1.4576,1.4575,1.4574,1.4573,1.4572,1.4572
0.91563,1.6873,1.4207,1.45,1.4556,1.4568,1.457,1.4569,1.4568,1.4567,1.4566,1.4565
0.91719,1.6867,1.4202,1.4495,1.455,1.4563,1.4564,1.4563,1.4562,1.456,1.4559,1.4558
0.91875,1.6862,1.4197,1.449,1.4545,1.4557,1.4558,1.4557,1.4555,1.4554,1.4553,1.4552
0.92031,1.6857,1.4192,1.4484,1.4539,1.4551,1.4552,1.4551,1.4549,1.4547,1.4546,1.4545
0.92188,1.6852,1.4187,1.4479,1.4534,1.4545,1.4546,1.4545,1.4543,1.4541,1.454,1.4538
0.92344,1.6847,1.4182,1.4474,1.4528,1.4539,1.454,1.4538,1.4536,1.4534,1.4533,1.4532
0.925,1.6842,1.4177,1.4469,1.4523,1.4534,1.4534,1.4532,1.453,1.4528,1.4526,1.4525
0.92656,1.6836,1.4172,1.4464,1.4517,1.4528,1.4528,1.4526,1.4524,1.4521,1.452,1.4518
0.92812,1.6831,1.4167,1.4458,1.4512,1.4522,1.4522,1.452,1.4517,1.4515,1.4513,1.4512
0.92969,1.6826,1.4162,1.4453,1.4506,1.4516,1.4516,1.4514,1.4511,1.4508,1.4506,1.4505
0.93125,1.6821,1.4157,1.4448,1.45,1.451,1.451,1.4507,1.4504,1.4502,1.45,1.4498
0.93281,1.6816,1.4153,1.4443,1.4495,1.4504,1.4504,1.4501,1.4498,1.4495,1.4493,1.4491
0.93437,1.6811,1.4148,1.4437,1.4489,1.4499,1.4498,1.4495,1.4492,1.4489,1.4486,1.4485
0.93594,1.6805,1.4143,1.4432,1.4484,1.4493,1.4492,1.4488,1.4485,1.4482,1.448,1.4478
0.9375,1.68,1.4138,1.4427,1.4478,1.4487,1.4486,1.4482,1.4479,1.4476,1.4473,1.4471
0.93906,1.6795,1.4133,1.4422,1.4472,1.4481,1.448,1.4476,1.4472,1.4469,1.4466,1.4464
0.94063,1.679,1.4128,1.4416,1.4467,1.4475,1.4473,1.447,1.4466,1.4462,1.446,1.4457
0.94219,1.6785,1.4123,1.4411,1.4461,1.4469,1.4467,1.4463,1.4459,1.4456,1.4453,1.445
0.94375,1.6779,1.4118,1.4406,1.4456,1.4463,1.4461,1.4457,1.4453,1.4449,1.4446,1.4444
0.94531,1.6774,1.4113,1.44,1.445,1.4457,1.4455,1.4451,1.4446,1.4442,1.4439,1.4437
0.94688,1.6769,1.4108,1.4395,1.4444,1.4451,1.4449,1.4444,1.444,1.4436,1.4433,1.443
0.94844,1.6764,1.4103,1.439,1.4439,1.4445,1.4443,1.4438,1.4433,1.4429,1.4426,1.4423
0.95,1.6759,1.4098,1.4384,1.4433,1.444,1.4436,1.4431,1.4427,1.4422,1.4419,1.4416
0.95156,1.6754,1.4093,1.4379,1.4427,1.4434,1.443,1.4425,1.442,1.4416,1.4412,1.4409
0.95312,1.6748,1.4088,1.4374,1.4422,1.4428,1.4424,1.4419,1.4413,1.4409,1.4405,1.4402
0.95469,1.6743,1.4082,1.4368,1.4416,1.4422,1.4418,1.4412,1.4407,1.4402,1.4398,1.4395
0.95625,1.6738,1.4077,1.4363,1.441,1.4416,1.4412,1.4406,1.44,1.4396,1.4392,1.4388
0.95781,1.6733,1.4072,1.4358,1.4404,1.441,1.4405,1.4399,1.4394,1.4389,1.4385,1.4381
0.95937,1.6728,1.4067,1.4352,1.4399,1.4404,1.4399,1.4393,1.4387,1.4382,1.4378,1.4374
0.96094,1.6722,1.4062,1.4347,1.4393,1.4398,1.4393,1.4386,1.438,1.4375,1.4371,1.4367
0.9625,1.6717,1.4057,1.4341,1.4387,1.4392,1.4387,1.438,1.4374,1.4368,1.4364,1.436
0.96406,1.6712,1.4052,1.4336,1.4382,1.4386,1.438,1.4373,1.4367,1.4362,1.4357,1.4353
0.96562,1.6707,1.4047,1.4331,1.4376,1.4379,1.4374,1.4367,1.436,1.4355,1.435,1.4346
0.96719,1.6702,1.4042,1.4325,1.437,1.4373,1.4368,1.436,1.4354,1.4348,1.4343,1.4339
0.96875,1.6696,1.4037,1.432,1.4364,1.4367,1.4361,1.4354,1.4347,1.4341,1.4336,1.4332
0.97031,1.6691,1.4032,1.4314,1.4359,1.4361,1.4355,1.4347,1.434,1.4334,1.4329,1.4325
0.97188,1.6686,1.4027,1.4309,1.4353,1.4355,1.4349,1.4341,1.4334,1.4328,1.4322,1.4318
0.97344,1.6681,1.4022,1.4303,1.4347,1.4349,1.4342,1.4334,1.4327,1.4321,1.4315,1.4311
0.975,1.6676,1.4016,1.4298,1.4341,1.4343,1.4336,1.4328,1.432,1.4314,1.4308,1.4304
0.97656,1.6671,1.4011,1.4293,1.4335,1.4337,1.433,1.4321,1.4314,1.4307,1.4301,1.4297
0.97813,1.6665,1.4006,1.4287,1.433,1.4331,1.4323,1.4315,1.4307,1.43,1.4294,1.429
0.97969,1.666,1.4001,1.4282,1.4324,1.4325,1.4317,1.4308,1.43,1.4293,1.4287,1.4282
0.98125,1.6655,1.3996,1.4276,1.4318,1.4319,1.4311,1.4302,1.4293,1.4286,1.428,1.4275
0.98281,1.665,1.3991,1.4271,1.4312,1.4312,1.4304,1.4295,1.4287,1.4279,1.4273,1.4268
0.98438,1.6645,1.3986,1.4265,1.4306,1.4306,1.4298,1.4288,1.428,1.4272,1.4266,1.4261
0.98594,1.6639,1.3981,1.426,1.43,1.43,1.4292,1.4282,1.4273,1.4266,1.4259,1.4254
0.9875,1.6634,1.3975,1.4254,1.4295,1.4294,1.4285,1.4275,1.4266,1.4259,1.4252,1.4247
0.98906,1.6629,1.397,1.4249,1.4289,1.4288,1.4279,1.4269,1.426,1.4252,1.4245,1.4239
0.99062,1.6624,1.3965,1.4243,1.4283,1.4282,1.4272,1.4262,1.4253,1.4245,1.4238,1.4232
0.99219,1.6619,1.396,1.4238,1.4277,1.4276,1.4266,1.4255,1.4246,1.4238,1.4231,1.4225
0.99375,1.6613,1.3955,1.4232,1.4271,1.4269,1.4259,1.4249,1.4239,1.4231,1.4224,1.4218
0.99531,1.6608,1.395,1.4227,1.4265,1.4263,1.4253,1.4242,1.4232,1.4224,1.4217,1.421
0.99687,1.6603,1.3944,1.4221,1.4259,1.4257,1.4247,1.4235,1.4225,1.4217,1.4209,1.4203
0.99844,1.6598,1.3939,1.4216,1.4253,1.4251,1.424,1.4229,1.4219,1.421,1.4202,1.4196
1,1.6593,1.3934,1.421,1.4248,1.4245,1.4234,1.4222,1.4212,1.4203,1.4195,1.4189
